productCode,name,description,singlePrice,cartonPcsPrice,cartonQty,gstPercentage,hsnCode,weight,stock,category,subCategory,isBestseller,isNewArrival,isTopRanking,imageUrl,imageUrls,image1,image2,image3,image4,image5,image6,image7,image8,image9,image10
BZ-06,,,,,,,,,,,basic,false,false,false,/uploads/BZ-06-1773663472630-46vc50eia.jpg,/uploads/BZ-06-1773663472630-46vc50eia.jpg|/uploads/BZ-06-1773663472635-jnet9yzjd.jpg|/uploads/BZ-06-1773663472639-h2r8ldviv.jpg|/uploads/BZ-06-1773663472644-qzazn7jjs.jpg|/uploads/BZ-06-1773663472649-3o2itmk67.jpg|/uploads/BZ-06-1773663472653-p2kkqdr8f.jpg,/uploads/BZ-06-1773663472630-46vc50eia.jpg,/uploads/BZ-06-1773663472635-jnet9yzjd.jpg,/uploads/BZ-06-1773663472639-h2r8ldviv.jpg,/uploads/BZ-06-1773663472644-qzazn7jjs.jpg,/uploads/BZ-06-1773663472649-3o2itmk67.jpg,/uploads/BZ-06-1773663472653-p2kkqdr8f.jpg,,,,
BZ-09,,,,,,,,,,,basic,false,false,false,/uploads/BZ-09-1773663472660-l5xr70qml.jpg,/uploads/BZ-09-1773663472660-l5xr70qml.jpg|/uploads/BZ-09-1773663472664-4k5bcce2j.jpg|/uploads/BZ-09-1773663472669-4v2ttzz6r.jpg,/uploads/BZ-09-1773663472660-l5xr70qml.jpg,/uploads/BZ-09-1773663472664-4k5bcce2j.jpg,/uploads/BZ-09-1773663472669-4v2ttzz6r.jpg,,,,,,,
BZ-104,,,,,,,,,,,basic,false,false,false,/uploads/BZ-104-1773663472676-82sq43vep.jpg,/uploads/BZ-104-1773663472676-82sq43vep.jpg|/uploads/BZ-104-1773663472680-mczxsjc6j.jpg|/uploads/BZ-104-1773663472685-ec5n17jtc.jpg|/uploads/BZ-104-1773663472690-zhxvt3b58.jpg|/uploads/BZ-104-1773663472695-rrz964g18.jpg,/uploads/BZ-104-1773663472676-82sq43vep.jpg,/uploads/BZ-104-1773663472680-mczxsjc6j.jpg,/uploads/BZ-104-1773663472685-ec5n17jtc.jpg,/uploads/BZ-104-1773663472690-zhxvt3b58.jpg,/uploads/BZ-104-1773663472695-rrz964g18.jpg,,,,,
BZ-106,,,,,,,,,,,basic,false,false,false,/uploads/BZ-106-1773663472702-pr37v4byo.jpg,/uploads/BZ-106-1773663472702-pr37v4byo.jpg|/uploads/BZ-106-1773663472706-c0ozig0d6.jpg|/uploads/BZ-106-1773663472712-onjeefo0e.jpg|/uploads/BZ-106-1773663472730-u2zd2a1e3.jpg|/uploads/BZ-106-1773663472737-leavy74wu.jpg|/uploads/BZ-106-1773663472743-xehamhyz2.jpg,/uploads/BZ-106-1773663472702-pr37v4byo.jpg,/uploads/BZ-106-1773663472706-c0ozig0d6.jpg,/uploads/BZ-106-1773663472712-onjeefo0e.jpg,/uploads/BZ-106-1773663472730-u2zd2a1e3.jpg,/uploads/BZ-106-1773663472737-leavy74wu.jpg,/uploads/BZ-106-1773663472743-xehamhyz2.jpg,,,,
BZ-107,,,,,,,,,,,basic,false,false,false,/uploads/BZ-107-1773663472750-tjdz45y8e.jpg,/uploads/BZ-107-1773663472750-tjdz45y8e.jpg,/uploads/BZ-107-1773663472750-tjdz45y8e.jpg,,,,,,,,,
BZ-108,,,,,,,,,,,basic,false,false,false,/uploads/BZ-108-1773663472754-hfqj8g07h.jpg,/uploads/BZ-108-1773663472754-hfqj8g07h.jpg|/uploads/BZ-108-1773663472759-l8xerl0q6.jpg|/uploads/BZ-108-1773663472763-6gw0z1vh8.jpg|/uploads/BZ-108-1773663472767-2mp5k33lg.jpg|/uploads/BZ-108-1773663472770-22xpz5lxn.jpg,/uploads/BZ-108-1773663472754-hfqj8g07h.jpg,/uploads/BZ-108-1773663472759-l8xerl0q6.jpg,/uploads/BZ-108-1773663472763-6gw0z1vh8.jpg,/uploads/BZ-108-1773663472767-2mp5k33lg.jpg,/uploads/BZ-108-1773663472770-22xpz5lxn.jpg,,,,,
BZ-113,,,,,,,,,,,basic,false,false,false,/uploads/BZ-113-1773663472776-4ut1da857.jpg,/uploads/BZ-113-1773663472776-4ut1da857.jpg|/uploads/BZ-113-1773663472780-rwkfsde1b.jpg|/uploads/BZ-113-1773663472783-tkoh45ots.jpg|/uploads/BZ-113-1773663472787-cr66g1if8.jpg|/uploads/BZ-113-1773663472790-23f9r5ry4.jpg,/uploads/BZ-113-1773663472776-4ut1da857.jpg,/uploads/BZ-113-1773663472780-rwkfsde1b.jpg,/uploads/BZ-113-1773663472783-tkoh45ots.jpg,/uploads/BZ-113-1773663472787-cr66g1if8.jpg,/uploads/BZ-113-1773663472790-23f9r5ry4.jpg,,,,,
BZ-114,,,,,,,,,,,basic,false,false,false,/uploads/BZ-114-1773663472795-fsbu6530n.jpg,/uploads/BZ-114-1773663472795-fsbu6530n.jpg|/uploads/BZ-114-1773663472799-8hyn33bt9.jpg|/uploads/BZ-114-1773663472802-wtujgxrlx.jpg|/uploads/BZ-114-1773663472806-yxyu8qia9.jpg,/uploads/BZ-114-1773663472795-fsbu6530n.jpg,/uploads/BZ-114-1773663472799-8hyn33bt9.jpg,/uploads/BZ-114-1773663472802-wtujgxrlx.jpg,/uploads/BZ-114-1773663472806-yxyu8qia9.jpg,,,,,,
BZ-1181,,,,,,,,,,,basic,false,false,false,/uploads/BZ-1181-1773663472810-0zaglqrd8.jpg,/uploads/BZ-1181-1773663472810-0zaglqrd8.jpg|/uploads/BZ-1181-1773663472814-lc2v5joae.jpg|/uploads/BZ-1181-1773663472817-a5cnbmxzs.jpg|/uploads/BZ-1181-1773663472821-4j4c8k1ll.jpg|/uploads/BZ-1181-1773663472825-rityv17x8.jpg,/uploads/BZ-1181-1773663472810-0zaglqrd8.jpg,/uploads/BZ-1181-1773663472814-lc2v5joae.jpg,/uploads/BZ-1181-1773663472817-a5cnbmxzs.jpg,/uploads/BZ-1181-1773663472821-4j4c8k1ll.jpg,/uploads/BZ-1181-1773663472825-rityv17x8.jpg,,,,,
BZ-120,,,,,,,,,,,basic,false,false,false,/uploads/BZ-120-1773663472829-6pdy02xd3.jpg,/uploads/BZ-120-1773663472829-6pdy02xd3.jpg|/uploads/BZ-120-1773663472833-3uyobie4n.jpg|/uploads/BZ-120-1773663472837-63qj0qi92.jpg|/uploads/BZ-120-1773663472840-d59oh4ybv.jpg|/uploads/BZ-120-1773663472845-kwe8rwhka.jpg,/uploads/BZ-120-1773663472829-6pdy02xd3.jpg,/uploads/BZ-120-1773663472833-3uyobie4n.jpg,/uploads/BZ-120-1773663472837-63qj0qi92.jpg,/uploads/BZ-120-1773663472840-d59oh4ybv.jpg,/uploads/BZ-120-1773663472845-kwe8rwhka.jpg,,,,,
BZ-121,,,,,,,,,,,basic,false,false,false,/uploads/BZ-121-1773663472849-rg7jwhzz8.jpg,/uploads/BZ-121-1773663472849-rg7jwhzz8.jpg|/uploads/BZ-121-1773663472853-cvcuies80.jpg|/uploads/BZ-121-1773663472857-p6gdtpmqt.jpg|/uploads/BZ-121-1773663472861-oil9yoze1.jpg,/uploads/BZ-121-1773663472849-rg7jwhzz8.jpg,/uploads/BZ-121-1773663472853-cvcuies80.jpg,/uploads/BZ-121-1773663472857-p6gdtpmqt.jpg,/uploads/BZ-121-1773663472861-oil9yoze1.jpg,,,,,,
BZ-122,,,,,,,,,,,basic,false,false,false,/uploads/BZ-122-1773663472866-lq7y3m559.jpg,/uploads/BZ-122-1773663472866-lq7y3m559.jpg|/uploads/BZ-122-1773663472869-ts11lg4x6.jpg|/uploads/BZ-122-1773663472872-etgisp5j0.jpg,/uploads/BZ-122-1773663472866-lq7y3m559.jpg,/uploads/BZ-122-1773663472869-ts11lg4x6.jpg,/uploads/BZ-122-1773663472872-etgisp5j0.jpg,,,,,,,
BZ-131,,,,,,,,,,,basic,false,false,false,/uploads/BZ-131-1773663472877-xh8fzp670.jpg,/uploads/BZ-131-1773663472877-xh8fzp670.jpg,/uploads/BZ-131-1773663472877-xh8fzp670.jpg,,,,,,,,,
BZ-143,,,,,,,,,,,basic,false,false,false,/uploads/BZ-143-1773663472882-eq8xgs16r.jpg,/uploads/BZ-143-1773663472882-eq8xgs16r.jpg|/uploads/BZ-143-1773663472885-xixxi571o.jpg|/uploads/BZ-143-1773663472889-oliq0rl5w.jpg|/uploads/BZ-143-1773663472893-fmh911khg.jpg,/uploads/BZ-143-1773663472882-eq8xgs16r.jpg,/uploads/BZ-143-1773663472885-xixxi571o.jpg,/uploads/BZ-143-1773663472889-oliq0rl5w.jpg,/uploads/BZ-143-1773663472893-fmh911khg.jpg,,,,,,
BZ-1552,,,,,,,,,,,basic,false,false,false,/uploads/BZ-1552-1773663472897-4mti7y3ll.jpg,/uploads/BZ-1552-1773663472897-4mti7y3ll.jpg|/uploads/BZ-1552-1773663472901-vjztgbde0.jpg|/uploads/BZ-1552-1773663472904-h5izsw2nn.jpg|/uploads/BZ-1552-1773663472909-1x9pkhtju.jpg|/uploads/BZ-1552-1773663472913-8uebgwaw0.jpg|/uploads/BZ-1552-1773663472917-3ek4kydvw.jpg,/uploads/BZ-1552-1773663472897-4mti7y3ll.jpg,/uploads/BZ-1552-1773663472901-vjztgbde0.jpg,/uploads/BZ-1552-1773663472904-h5izsw2nn.jpg,/uploads/BZ-1552-1773663472909-1x9pkhtju.jpg,/uploads/BZ-1552-1773663472913-8uebgwaw0.jpg,/uploads/BZ-1552-1773663472917-3ek4kydvw.jpg,,,,
BZ-1600,,,,,,,,,,,basic,false,false,false,/uploads/BZ-1600-1773663472921-wdloceeb3.jpg,/uploads/BZ-1600-1773663472921-wdloceeb3.jpg|/uploads/BZ-1600-1773663472924-25x6ae6h7.jpg|/uploads/BZ-1600-1773663472928-lqm2ghqbg.jpg|/uploads/BZ-1600-1773663472932-63cxlc09r.jpg|/uploads/BZ-1600-1773663472935-w652cq8ri.jpg,/uploads/BZ-1600-1773663472921-wdloceeb3.jpg,/uploads/BZ-1600-1773663472924-25x6ae6h7.jpg,/uploads/BZ-1600-1773663472928-lqm2ghqbg.jpg,/uploads/BZ-1600-1773663472932-63cxlc09r.jpg,/uploads/BZ-1600-1773663472935-w652cq8ri.jpg,,,,,
BZ-162,,,,,,,,,,,basic,false,false,false,/uploads/BZ-162-1773663472939-9h7i2b31x.jpg,/uploads/BZ-162-1773663472939-9h7i2b31x.jpg|/uploads/BZ-162-1773663472943-pt6kmi8n8.jpg|/uploads/BZ-162-1773663472947-p7irt0feo.jpg|/uploads/BZ-162-1773663472951-07zb2iktd.jpg,/uploads/BZ-162-1773663472939-9h7i2b31x.jpg,/uploads/BZ-162-1773663472943-pt6kmi8n8.jpg,/uploads/BZ-162-1773663472947-p7irt0feo.jpg,/uploads/BZ-162-1773663472951-07zb2iktd.jpg,,,,,,
BZ-180,,,,,,,,,,,basic,false,false,false,/uploads/BZ-180-1773663472954-dcvqpb1uw.jpg,/uploads/BZ-180-1773663472954-dcvqpb1uw.jpg|/uploads/BZ-180-1773663472959-ky6b5pdq0.jpg|/uploads/BZ-180-1773663472962-dsshi6uz0.jpg|/uploads/BZ-180-1773663472966-n95lyjrzn.jpg|/uploads/BZ-180-1773663472970-13b70g91k.jpg,/uploads/BZ-180-1773663472954-dcvqpb1uw.jpg,/uploads/BZ-180-1773663472959-ky6b5pdq0.jpg,/uploads/BZ-180-1773663472962-dsshi6uz0.jpg,/uploads/BZ-180-1773663472966-n95lyjrzn.jpg,/uploads/BZ-180-1773663472970-13b70g91k.jpg,,,,,
BZ-193,,,,,,,,,,,basic,false,false,false,/uploads/BZ-193-1773663472973-23ybyj84m.jpg,/uploads/BZ-193-1773663472973-23ybyj84m.jpg|/uploads/BZ-193-1773663472978-5rd2qf3og.jpg,/uploads/BZ-193-1773663472973-23ybyj84m.jpg,/uploads/BZ-193-1773663472978-5rd2qf3og.jpg,,,,,,,,
BZ-1951,,,,,,,,,,,basic,false,false,false,/uploads/BZ-1951-1773663472982-1s5771jgk.jpg,/uploads/BZ-1951-1773663472982-1s5771jgk.jpg|/uploads/BZ-1951-1773663472985-52in6wmqp.jpg|/uploads/BZ-1951-1773663472989-6gjmbl04j.jpg|/uploads/BZ-1951-1773663472993-f3yy0iocs.jpg,/uploads/BZ-1951-1773663472982-1s5771jgk.jpg,/uploads/BZ-1951-1773663472985-52in6wmqp.jpg,/uploads/BZ-1951-1773663472989-6gjmbl04j.jpg,/uploads/BZ-1951-1773663472993-f3yy0iocs.jpg,,,,,,
BZ-1982,,,,,,,,,,,basic,false,false,false,/uploads/BZ-1982-1773663472998-p83uebd2j.jpg,/uploads/BZ-1982-1773663472998-p83uebd2j.jpg,/uploads/BZ-1982-1773663472998-p83uebd2j.jpg,,,,,,,,,
BZ-2028,,,,,,,,,,,basic,false,false,false,/uploads/BZ-2028-1773663473002-r2x1vui0k.jpg,/uploads/BZ-2028-1773663473002-r2x1vui0k.jpg|/uploads/BZ-2028-1773663473005-oereomndp.jpg|/uploads/BZ-2028-1773663473010-t916zv1ev.jpg|/uploads/BZ-2028-1773663473014-dclwch2q5.jpg,/uploads/BZ-2028-1773663473002-r2x1vui0k.jpg,/uploads/BZ-2028-1773663473005-oereomndp.jpg,/uploads/BZ-2028-1773663473010-t916zv1ev.jpg,/uploads/BZ-2028-1773663473014-dclwch2q5.jpg,,,,,,
BZ-203,,,,,,,,,,,basic,false,false,false,/uploads/BZ-203-1773663473019-l8klf0dre.jpg,/uploads/BZ-203-1773663473019-l8klf0dre.jpg|/uploads/BZ-203-1773663473023-yabavkw90.jpg|/uploads/BZ-203-1773663473029-lwu69l8sr.jpg|/uploads/BZ-203-1773663473034-le18kh1vg.jpg,/uploads/BZ-203-1773663473019-l8klf0dre.jpg,/uploads/BZ-203-1773663473023-yabavkw90.jpg,/uploads/BZ-203-1773663473029-lwu69l8sr.jpg,/uploads/BZ-203-1773663473034-le18kh1vg.jpg,,,,,,
BZ-205,,,,,,,,,,,basic,false,false,false,/uploads/BZ-205-1773663473039-sm8eh7c1m.jpg,/uploads/BZ-205-1773663473039-sm8eh7c1m.jpg|/uploads/BZ-205-1773663473044-qj852g6hr.jpg|/uploads/BZ-205-1773663473049-6wbj14vgo.jpg|/uploads/BZ-205-1773663473053-p3aif0y7c.jpg,/uploads/BZ-205-1773663473039-sm8eh7c1m.jpg,/uploads/BZ-205-1773663473044-qj852g6hr.jpg,/uploads/BZ-205-1773663473049-6wbj14vgo.jpg,/uploads/BZ-205-1773663473053-p3aif0y7c.jpg,,,,,,
BZ-2058,,,,,,,,,,,basic,false,false,false,/uploads/BZ-2058-1773663473059-trepdd5y6.jpg,/uploads/BZ-2058-1773663473059-trepdd5y6.jpg|/uploads/BZ-2058-1773663473063-ufppzcokh.jpg|/uploads/BZ-2058-1773663473069-ophtbtllt.jpg|/uploads/BZ-2058-1773663473073-fhglh5tr6.jpg|/uploads/BZ-2058-1773663473077-s7m26ek86.jpg,/uploads/BZ-2058-1773663473059-trepdd5y6.jpg,/uploads/BZ-2058-1773663473063-ufppzcokh.jpg,/uploads/BZ-2058-1773663473069-ophtbtllt.jpg,/uploads/BZ-2058-1773663473073-fhglh5tr6.jpg,/uploads/BZ-2058-1773663473077-s7m26ek86.jpg,,,,,
BZ-2072,,,,,,,,,,,basic,false,false,false,/uploads/BZ-2072-1773663473083-56oij1siu.jpg,/uploads/BZ-2072-1773663473083-56oij1siu.jpg|/uploads/BZ-2072-1773663473086-l8bkq577f.jpg|/uploads/BZ-2072-1773663473090-2pzmcyj78.jpg|/uploads/BZ-2072-1773663473094-ozspasrre.jpg|/uploads/BZ-2072-1773663473098-giwir70f5.jpg,/uploads/BZ-2072-1773663473083-56oij1siu.jpg,/uploads/BZ-2072-1773663473086-l8bkq577f.jpg,/uploads/BZ-2072-1773663473090-2pzmcyj78.jpg,/uploads/BZ-2072-1773663473094-ozspasrre.jpg,/uploads/BZ-2072-1773663473098-giwir70f5.jpg,,,,,
BZ-21,,,,,,,,,,,basic,false,false,false,/uploads/BZ-21-1773663473103-zn80d8b0f.jpg,/uploads/BZ-21-1773663473103-zn80d8b0f.jpg,/uploads/BZ-21-1773663473103-zn80d8b0f.jpg,,,,,,,,,
BZ-2141,,,,,,,,,,,basic,false,false,false,/uploads/BZ-2141-1773663473109-d0s979x29.jpg,/uploads/BZ-2141-1773663473109-d0s979x29.jpg|/uploads/BZ-2141-1773663473113-5mbtur1v5.jpg|/uploads/BZ-2141-1773663473117-wd9o891ly.jpg|/uploads/BZ-2141-1773663473121-xpi51rzq1.jpg|/uploads/BZ-2141-1773663473125-65jvvjlj1.jpg|/uploads/BZ-2141-1773663473129-9xu7rkwdq.jpg|/uploads/BZ-2141-1773663473134-r880jyi2b.jpg,/uploads/BZ-2141-1773663473109-d0s979x29.jpg,/uploads/BZ-2141-1773663473113-5mbtur1v5.jpg,/uploads/BZ-2141-1773663473117-wd9o891ly.jpg,/uploads/BZ-2141-1773663473121-xpi51rzq1.jpg,/uploads/BZ-2141-1773663473125-65jvvjlj1.jpg,/uploads/BZ-2141-1773663473129-9xu7rkwdq.jpg,/uploads/BZ-2141-1773663473134-r880jyi2b.jpg,,,
BZ-2156,,,,,,,,,,,basic,false,false,false,/uploads/BZ-2156-1773663473139-xe68xmsux.jpg,/uploads/BZ-2156-1773663473139-xe68xmsux.jpg|/uploads/BZ-2156-1773663473148-0a6zxrrqi.jpg|/uploads/BZ-2156-1773663473152-hutcxobnl.jpg|/uploads/BZ-2156-1773663473156-xpglgr977.jpg|/uploads/BZ-2156-1773663473161-f6zf514i7.jpg|/uploads/BZ-2156-1773663473167-wal69n7qe.jpg,/uploads/BZ-2156-1773663473139-xe68xmsux.jpg,/uploads/BZ-2156-1773663473148-0a6zxrrqi.jpg,/uploads/BZ-2156-1773663473152-hutcxobnl.jpg,/uploads/BZ-2156-1773663473156-xpglgr977.jpg,/uploads/BZ-2156-1773663473161-f6zf514i7.jpg,/uploads/BZ-2156-1773663473167-wal69n7qe.jpg,,,,
BZ-22,,,,,,,,,,,basic,false,false,false,/uploads/BZ-22-1773663473171-f3mwfbir5.jpg,/uploads/BZ-22-1773663473171-f3mwfbir5.jpg|/uploads/BZ-22-1773663473177-u4crau904.jpg|/uploads/BZ-22-1773663473181-9w5ytakq8.jpg|/uploads/BZ-22-1773663473184-wor56se1f.jpg|/uploads/BZ-22-1773663473187-weq6alulf.jpg,/uploads/BZ-22-1773663473171-f3mwfbir5.jpg,/uploads/BZ-22-1773663473177-u4crau904.jpg,/uploads/BZ-22-1773663473181-9w5ytakq8.jpg,/uploads/BZ-22-1773663473184-wor56se1f.jpg,/uploads/BZ-22-1773663473187-weq6alulf.jpg,,,,,
BZ-2213,,,,,,,,,,,basic,false,false,false,/uploads/BZ-2213-1773663473190-feijttsf7.jpg,/uploads/BZ-2213-1773663473190-feijttsf7.jpg|/uploads/BZ-2213-1773663473194-gib7bjbzr.jpg|/uploads/BZ-2213-1773663473197-g7kppnugb.jpg|/uploads/BZ-2213-1773663473200-z100u8fb0.jpg|/uploads/BZ-2213-1773663473203-6hcf0jqx9.jpg,/uploads/BZ-2213-1773663473190-feijttsf7.jpg,/uploads/BZ-2213-1773663473194-gib7bjbzr.jpg,/uploads/BZ-2213-1773663473197-g7kppnugb.jpg,/uploads/BZ-2213-1773663473200-z100u8fb0.jpg,/uploads/BZ-2213-1773663473203-6hcf0jqx9.jpg,,,,,
BZ-2234,,,,,,,,,,,basic,false,false,false,/uploads/BZ-2234-1773663473207-mcsj8uuow.jpg,/uploads/BZ-2234-1773663473207-mcsj8uuow.jpg|/uploads/BZ-2234-1773663473211-qe10ai2j5.jpg|/uploads/BZ-2234-1773663473214-joqsq7uaf.jpg|/uploads/BZ-2234-1773663473217-tw9n6udb3.jpg|/uploads/BZ-2234-1773663473220-ssv0iwrfw.jpg|/uploads/BZ-2234-1773663473223-edvti5aqq.jpg,/uploads/BZ-2234-1773663473207-mcsj8uuow.jpg,/uploads/BZ-2234-1773663473211-qe10ai2j5.jpg,/uploads/BZ-2234-1773663473214-joqsq7uaf.jpg,/uploads/BZ-2234-1773663473217-tw9n6udb3.jpg,/uploads/BZ-2234-1773663473220-ssv0iwrfw.jpg,/uploads/BZ-2234-1773663473223-edvti5aqq.jpg,,,,
BZ-2247,,,,,,,,,,,basic,false,false,false,/uploads/BZ-2247-1773663473229-cslq9jqg4.jpg,/uploads/BZ-2247-1773663473229-cslq9jqg4.jpg|/uploads/BZ-2247-1773663473232-17ci7ay41.jpg|/uploads/BZ-2247-1773663473236-yeavsiied.jpg|/uploads/BZ-2247-1773663473239-t5f47gaom.jpg|/uploads/BZ-2247-1773663473243-hgvppja2u.jpg,/uploads/BZ-2247-1773663473229-cslq9jqg4.jpg,/uploads/BZ-2247-1773663473232-17ci7ay41.jpg,/uploads/BZ-2247-1773663473236-yeavsiied.jpg,/uploads/BZ-2247-1773663473239-t5f47gaom.jpg,/uploads/BZ-2247-1773663473243-hgvppja2u.jpg,,,,,
BZ-2292,,,,,,,,,,,basic,false,false,false,/uploads/BZ-2292-1773663473247-f80ef1kbl.jpg,/uploads/BZ-2292-1773663473247-f80ef1kbl.jpg|/uploads/BZ-2292-1773663473251-qvvmpnftw.jpg|/uploads/BZ-2292-1773663473253-nbgordl8z.jpg|/uploads/BZ-2292-1773663473257-qdsdux2zq.jpg|/uploads/BZ-2292-1773663473261-cm15xevbz.jpg|/uploads/BZ-2292-1773663473265-hnql023im.jpg,/uploads/BZ-2292-1773663473247-f80ef1kbl.jpg,/uploads/BZ-2292-1773663473251-qvvmpnftw.jpg,/uploads/BZ-2292-1773663473253-nbgordl8z.jpg,/uploads/BZ-2292-1773663473257-qdsdux2zq.jpg,/uploads/BZ-2292-1773663473261-cm15xevbz.jpg,/uploads/BZ-2292-1773663473265-hnql023im.jpg,,,,
BZ-235,,,,,,,,,,,basic,false,false,false,/uploads/BZ-235-1773663473269-fu5a9km4d.jpg,/uploads/BZ-235-1773663473269-fu5a9km4d.jpg|/uploads/BZ-235-1773663473272-h5qxh0u4d.jpg|/uploads/BZ-235-1773663473277-uemlev1op.jpg|/uploads/BZ-235-1773663473280-8nnp31goq.jpg|/uploads/BZ-235-1773663473284-iyjaykha4.jpg|/uploads/BZ-235-1773663473288-gvlip1dud.jpg|/uploads/BZ-235-1773663473291-vn8rw17u5.jpg,/uploads/BZ-235-1773663473269-fu5a9km4d.jpg,/uploads/BZ-235-1773663473272-h5qxh0u4d.jpg,/uploads/BZ-235-1773663473277-uemlev1op.jpg,/uploads/BZ-235-1773663473280-8nnp31goq.jpg,/uploads/BZ-235-1773663473284-iyjaykha4.jpg,/uploads/BZ-235-1773663473288-gvlip1dud.jpg,/uploads/BZ-235-1773663473291-vn8rw17u5.jpg,,,
BZ-24,,,,,,,,,,,basic,false,false,false,/uploads/BZ-24-1773663473296-pfbqe65s8.jpg,/uploads/BZ-24-1773663473296-pfbqe65s8.jpg|/uploads/BZ-24-1773663473299-8txf0autj.jpg|/uploads/BZ-24-1773663473302-udybxdp1d.jpg|/uploads/BZ-24-1773663473306-yl7i66c3y.jpg|/uploads/BZ-24-1773663473311-o00jglfdt.jpg,/uploads/BZ-24-1773663473296-pfbqe65s8.jpg,/uploads/BZ-24-1773663473299-8txf0autj.jpg,/uploads/BZ-24-1773663473302-udybxdp1d.jpg,/uploads/BZ-24-1773663473306-yl7i66c3y.jpg,/uploads/BZ-24-1773663473311-o00jglfdt.jpg,,,,,
BZ-25,,,,,,,,,,,basic,false,false,false,/uploads/BZ-25-1773663473316-hw7sp0eu3.jpg,/uploads/BZ-25-1773663473316-hw7sp0eu3.jpg|/uploads/BZ-25-1773663473319-miyhoxjrw.jpg|/uploads/BZ-25-1773663473322-rz0o09td3.jpg|/uploads/BZ-25-1773663473326-1et4yd2o4.jpg|/uploads/BZ-25-1773663473330-qd7d67x1d.jpg|/uploads/BZ-25-1773663473334-iqj7xclje.jpg|/uploads/BZ-25-1773663473337-l6q6xgaru.jpg|/uploads/BZ-25-1773663473341-7parkcavt.jpg,/uploads/BZ-25-1773663473316-hw7sp0eu3.jpg,/uploads/BZ-25-1773663473319-miyhoxjrw.jpg,/uploads/BZ-25-1773663473322-rz0o09td3.jpg,/uploads/BZ-25-1773663473326-1et4yd2o4.jpg,/uploads/BZ-25-1773663473330-qd7d67x1d.jpg,/uploads/BZ-25-1773663473334-iqj7xclje.jpg,/uploads/BZ-25-1773663473337-l6q6xgaru.jpg,/uploads/BZ-25-1773663473341-7parkcavt.jpg,,
BZ-253,,,,,,,,,,,basic,false,false,false,/uploads/BZ-253-1773663473346-a7eofkbo6.jpg,/uploads/BZ-253-1773663473346-a7eofkbo6.jpg|/uploads/BZ-253-1773663473350-hsrsu2xuk.jpg|/uploads/BZ-253-1773663473353-7uq49p38z.jpg|/uploads/BZ-253-1773663473356-2yu71hmnk.jpg|/uploads/BZ-253-1773663473361-ix4c53dfy.jpg|/uploads/BZ-253-1773663473364-qc035jjjf.jpg,/uploads/BZ-253-1773663473346-a7eofkbo6.jpg,/uploads/BZ-253-1773663473350-hsrsu2xuk.jpg,/uploads/BZ-253-1773663473353-7uq49p38z.jpg,/uploads/BZ-253-1773663473356-2yu71hmnk.jpg,/uploads/BZ-253-1773663473361-ix4c53dfy.jpg,/uploads/BZ-253-1773663473364-qc035jjjf.jpg,,,,
BZ-279,,,,,,,,,,,basic,false,false,false,/uploads/BZ-279-1773663473368-5rvtaaeil.jpg,/uploads/BZ-279-1773663473368-5rvtaaeil.jpg|/uploads/BZ-279-1773663473372-fl4c03pi4.jpg|/uploads/BZ-279-1773663473376-618qfnrmy.jpg|/uploads/BZ-279-1773663473379-7utwifp2h.jpg,/uploads/BZ-279-1773663473368-5rvtaaeil.jpg,/uploads/BZ-279-1773663473372-fl4c03pi4.jpg,/uploads/BZ-279-1773663473376-618qfnrmy.jpg,/uploads/BZ-279-1773663473379-7utwifp2h.jpg,,,,,,
BZ-30,,,,,,,,,,,basic,false,false,false,/uploads/BZ-30-1773663473384-r3n2w8h2r.jpg,/uploads/BZ-30-1773663473384-r3n2w8h2r.jpg,/uploads/BZ-30-1773663473384-r3n2w8h2r.jpg,,,,,,,,,
BZ-33,,,,,,,,,,,basic,false,false,false,/uploads/BZ-33-1773663473388-z5b7ybn1k.jpg,/uploads/BZ-33-1773663473388-z5b7ybn1k.jpg|/uploads/BZ-33-1773663473392-9omi3cvzi.jpg|/uploads/BZ-33-1773663473396-y164j04id.jpg|/uploads/BZ-33-1773663473399-yc8y4104s.jpg|/uploads/BZ-33-1773663473403-0qroj4z62.jpg|/uploads/BZ-33-1773663473406-8rinri326.jpg|/uploads/BZ-33-1773663473410-oqq5pswjg.jpg|/uploads/BZ-33-1773663473414-pbxzue3tc.jpg,/uploads/BZ-33-1773663473388-z5b7ybn1k.jpg,/uploads/BZ-33-1773663473392-9omi3cvzi.jpg,/uploads/BZ-33-1773663473396-y164j04id.jpg,/uploads/BZ-33-1773663473399-yc8y4104s.jpg,/uploads/BZ-33-1773663473403-0qroj4z62.jpg,/uploads/BZ-33-1773663473406-8rinri326.jpg,/uploads/BZ-33-1773663473410-oqq5pswjg.jpg,/uploads/BZ-33-1773663473414-pbxzue3tc.jpg,,
BZ-37,,,,,,,,,,,basic,false,false,false,/uploads/BZ-37-1773663473418-zsrbztnhy.jpg,/uploads/BZ-37-1773663473418-zsrbztnhy.jpg|/uploads/BZ-37-1773663473421-z8idcs9d4.jpg|/uploads/BZ-37-1773663473425-reub90j42.jpg|/uploads/BZ-37-1773663473429-6drua6ftu.jpg|/uploads/BZ-37-1773663473433-z8thvw0y8.jpg|/uploads/BZ-37-1773663473436-1leja48a9.jpg|/uploads/BZ-37-1773663473440-jjwp0o7bt.jpg|/uploads/BZ-37-1773663473444-amdy3t4f7.jpg,/uploads/BZ-37-1773663473418-zsrbztnhy.jpg,/uploads/BZ-37-1773663473421-z8idcs9d4.jpg,/uploads/BZ-37-1773663473425-reub90j42.jpg,/uploads/BZ-37-1773663473429-6drua6ftu.jpg,/uploads/BZ-37-1773663473433-z8thvw0y8.jpg,/uploads/BZ-37-1773663473436-1leja48a9.jpg,/uploads/BZ-37-1773663473440-jjwp0o7bt.jpg,/uploads/BZ-37-1773663473444-amdy3t4f7.jpg,,
BZ-41,,,,,,,,,,,basic,false,false,false,/uploads/BZ-41-1773663473449-oqxlzn626.jpg,/uploads/BZ-41-1773663473449-oqxlzn626.jpg|/uploads/BZ-41-1773663473452-jduzyvw28.jpg|/uploads/BZ-41-1773663473456-rk63gmc0s.jpg|/uploads/BZ-41-1773663473460-h8gs6vncd.jpg|/uploads/BZ-41-1773663473473-ecormr78j.jpg,/uploads/BZ-41-1773663473449-oqxlzn626.jpg,/uploads/BZ-41-1773663473452-jduzyvw28.jpg,/uploads/BZ-41-1773663473456-rk63gmc0s.jpg,/uploads/BZ-41-1773663473460-h8gs6vncd.jpg,/uploads/BZ-41-1773663473473-ecormr78j.jpg,,,,,
BZ-42,,,,,,,,,,,basic,false,false,false,/uploads/BZ-42-1773663473477-c7wm2x43k.jpg,/uploads/BZ-42-1773663473477-c7wm2x43k.jpg|/uploads/BZ-42-1773663473481-xs1x392q0.jpg|/uploads/BZ-42-1773663473485-hm4mw8o85.jpg|/uploads/BZ-42-1773663473488-vkiiylb8r.jpg|/uploads/BZ-42-1773663473492-bhsclrpk0.jpg|/uploads/BZ-42-1773663473496-dyd6vyyrx.jpg|/uploads/BZ-42-1773663473500-i9c6e1mh.jpg|/uploads/BZ-42-1773663473503-218btulw1.jpg|/uploads/BZ-42-1773663473507-36ufe42u5.jpg|/uploads/BZ-42-1773663473511-pp9m0whds.jpg,/uploads/BZ-42-1773663473477-c7wm2x43k.jpg,/uploads/BZ-42-1773663473481-xs1x392q0.jpg,/uploads/BZ-42-1773663473485-hm4mw8o85.jpg,/uploads/BZ-42-1773663473488-vkiiylb8r.jpg,/uploads/BZ-42-1773663473492-bhsclrpk0.jpg,/uploads/BZ-42-1773663473496-dyd6vyyrx.jpg,/uploads/BZ-42-1773663473500-i9c6e1mh.jpg,/uploads/BZ-42-1773663473503-218btulw1.jpg,/uploads/BZ-42-1773663473507-36ufe42u5.jpg,/uploads/BZ-42-1773663473511-pp9m0whds.jpg
BZ-44,,,,,,,,,,,basic,false,false,false,/uploads/BZ-44-1773663473515-dtettzbab.jpg,/uploads/BZ-44-1773663473515-dtettzbab.jpg|/uploads/BZ-44-1773663473518-zxb2wd6f5.jpg|/uploads/BZ-44-1773663473521-l1lrma40e.jpg|/uploads/BZ-44-1773663473524-zbnuqm58j.jpg|/uploads/BZ-44-1773663473528-xemyfjyix.jpg,/uploads/BZ-44-1773663473515-dtettzbab.jpg,/uploads/BZ-44-1773663473518-zxb2wd6f5.jpg,/uploads/BZ-44-1773663473521-l1lrma40e.jpg,/uploads/BZ-44-1773663473524-zbnuqm58j.jpg,/uploads/BZ-44-1773663473528-xemyfjyix.jpg,,,,,
BZ-57,,,,,,,,,,,basic,false,false,false,/uploads/BZ-57-1773663473532-z2347qz3k.jpg,/uploads/BZ-57-1773663473532-z2347qz3k.jpg|/uploads/BZ-57-1773663473535-eszwzuq09.jpg|/uploads/BZ-57-1773663473538-uiauh3ufw.jpg|/uploads/BZ-57-1773663473545-j7okao0py.jpg|/uploads/BZ-57-1773663473549-bmou0gxue.jpg|/uploads/BZ-57-1773663473552-11jpgghv9.jpg|/uploads/BZ-57-1773663473555-sbkluz38k.jpg,/uploads/BZ-57-1773663473532-z2347qz3k.jpg,/uploads/BZ-57-1773663473535-eszwzuq09.jpg,/uploads/BZ-57-1773663473538-uiauh3ufw.jpg,/uploads/BZ-57-1773663473545-j7okao0py.jpg,/uploads/BZ-57-1773663473549-bmou0gxue.jpg,/uploads/BZ-57-1773663473552-11jpgghv9.jpg,/uploads/BZ-57-1773663473555-sbkluz38k.jpg,,,
BZ-67,,,,,,,,,,,basic,false,false,false,/uploads/BZ-67-1773663473560-plgmmckbz.jpg,/uploads/BZ-67-1773663473560-plgmmckbz.jpg|/uploads/BZ-67-1773663473564-21tsekjm1.jpg|/uploads/BZ-67-1773663473568-qqg3fw0r5.jpg|/uploads/BZ-67-1773663473571-tm9t2s7v2.jpg,/uploads/BZ-67-1773663473560-plgmmckbz.jpg,/uploads/BZ-67-1773663473564-21tsekjm1.jpg,/uploads/BZ-67-1773663473568-qqg3fw0r5.jpg,/uploads/BZ-67-1773663473571-tm9t2s7v2.jpg,,,,,,
BZ-693,,,,,,,,,,,basic,false,false,false,/uploads/BZ-693-1773663473575-85ijpfcje.jpg,/uploads/BZ-693-1773663473575-85ijpfcje.jpg|/uploads/BZ-693-1773663473579-9svrjyyy1.jpg|/uploads/BZ-693-1773663473582-ojo28x7ts.jpg|/uploads/BZ-693-1773663473585-9wmlndl1w.jpg|/uploads/BZ-693-1773663473588-6zfidujir.jpg,/uploads/BZ-693-1773663473575-85ijpfcje.jpg,/uploads/BZ-693-1773663473579-9svrjyyy1.jpg,/uploads/BZ-693-1773663473582-ojo28x7ts.jpg,/uploads/BZ-693-1773663473585-9wmlndl1w.jpg,/uploads/BZ-693-1773663473588-6zfidujir.jpg,,,,,
BZ-71,,,,,,,,,,,basic,false,false,false,/uploads/BZ-71-1773663473593-kjvb2gc2d.jpg,/uploads/BZ-71-1773663473593-kjvb2gc2d.jpg|/uploads/BZ-71-1773663473597-312f62wtp.jpg|/uploads/BZ-71-1773663473600-6a4yoor1i.jpg|/uploads/BZ-71-1773663473603-n42dksjkb.jpg|/uploads/BZ-71-1773663473606-nqfwzjrsg.jpg|/uploads/BZ-71-1773663473610-5tn49pdwc.jpg,/uploads/BZ-71-1773663473593-kjvb2gc2d.jpg,/uploads/BZ-71-1773663473597-312f62wtp.jpg,/uploads/BZ-71-1773663473600-6a4yoor1i.jpg,/uploads/BZ-71-1773663473603-n42dksjkb.jpg,/uploads/BZ-71-1773663473606-nqfwzjrsg.jpg,/uploads/BZ-71-1773663473610-5tn49pdwc.jpg,,,,
BZ-76,,,,,,,,,,,basic,false,false,false,/uploads/BZ-76-1773663473615-0epx0oqih.jpg,/uploads/BZ-76-1773663473615-0epx0oqih.jpg|/uploads/BZ-76-1773663473618-714otslpx.jpg,/uploads/BZ-76-1773663473615-0epx0oqih.jpg,/uploads/BZ-76-1773663473618-714otslpx.jpg,,,,,,,,
BZ-90,,,,,,,,,,,basic,false,false,false,/uploads/BZ-90-1773663473621-rjsoq6t48.jpg,/uploads/BZ-90-1773663473621-rjsoq6t48.jpg|/uploads/BZ-90-1773663473625-01s8spehh.jpg,/uploads/BZ-90-1773663473621-rjsoq6t48.jpg,/uploads/BZ-90-1773663473625-01s8spehh.jpg,,,,,,,,
BZ-91,,,,,,,,,,,basic,false,false,false,/uploads/BZ-91-1773663473630-9shicdxxx.jpg,/uploads/BZ-91-1773663473630-9shicdxxx.jpg|/uploads/BZ-91-1773663473633-ry8cxv5p1.jpg|/uploads/BZ-91-1773663473636-77hi1ah7o.jpg|/uploads/BZ-91-1773663473639-kd5h5cda2.jpg|/uploads/BZ-91-1773663473643-gb7mi938x.jpg,/uploads/BZ-91-1773663473630-9shicdxxx.jpg,/uploads/BZ-91-1773663473633-ry8cxv5p1.jpg,/uploads/BZ-91-1773663473636-77hi1ah7o.jpg,/uploads/BZ-91-1773663473639-kd5h5cda2.jpg,/uploads/BZ-91-1773663473643-gb7mi938x.jpg,,,,,
BZ-94,,,,,,,,,,,basic,false,false,false,/uploads/BZ-94-1773663473647-e14hutic8.jpg,/uploads/BZ-94-1773663473647-e14hutic8.jpg|/uploads/BZ-94-1773663473650-d9vgzeniw.jpg|/uploads/BZ-94-1773663473653-jj4giozc9.jpg|/uploads/BZ-94-1773663473656-m4yhldpnu.jpg|/uploads/BZ-94-1773663473661-ux8jlz0ay.jpg|/uploads/BZ-94-1773663473664-3s4sntyb5.jpg|/uploads/BZ-94-1773663473667-pj632e9bm.jpg,/uploads/BZ-94-1773663473647-e14hutic8.jpg,/uploads/BZ-94-1773663473650-d9vgzeniw.jpg,/uploads/BZ-94-1773663473653-jj4giozc9.jpg,/uploads/BZ-94-1773663473656-m4yhldpnu.jpg,/uploads/BZ-94-1773663473661-ux8jlz0ay.jpg,/uploads/BZ-94-1773663473664-3s4sntyb5.jpg,/uploads/BZ-94-1773663473667-pj632e9bm.jpg,,,
BZ-95,,,,,,,,,,,basic,false,false,false,/uploads/BZ-95-1773663473671-1ndaidi18.jpg,/uploads/BZ-95-1773663473671-1ndaidi18.jpg|/uploads/BZ-95-1773663473674-8b82adkuw.jpg|/uploads/BZ-95-1773663473678-087wniqva.jpg|/uploads/BZ-95-1773663473682-xj9fut82s.jpg,/uploads/BZ-95-1773663473671-1ndaidi18.jpg,/uploads/BZ-95-1773663473674-8b82adkuw.jpg,/uploads/BZ-95-1773663473678-087wniqva.jpg,/uploads/BZ-95-1773663473682-xj9fut82s.jpg,,,,,,